Title,URL,Video ID,Channel
Larry Heard - Mr Fingers Mix (1996),https://www.youtube.com/watch?v=nexIxpuSMGw,nexIxpuSMGw,Ivory Joe From Kokomo
Larry Heard on Hip-hop beats Mystery Of Love and Fingers Inc  Red Bull Music Academy,https://www.youtube.com/watch?v=qxPPR8eXm78,qxPPR8eXm78,Red Bull Music Academy
Larry Heard - Sceneries Not Songs Volume 1,https://www.youtube.com/watch?v=ElunG4om3HU,ElunG4om3HU,angelakard87
Mr Fingers music mix Unheard,https://www.youtube.com/watch?v=sR_8spYghTg,sR_8spYghTg,Serendipity Transmits 24-7 (Matrix Surfers)
Larry Heard - LET ME IN [Deep House],https://www.youtube.com/watch?v=i5SWgX0fppM,i5SWgX0fppM,ONESKEAR
Larry Heard - Deja Vu (Musaria Mix),https://www.youtube.com/watch?v=1LH0Lnhpd8s,1LH0Lnhpd8s,RDFLD
Best of Mr Fingers aka Larry Heard Dj Live Sep14 1991 (1),https://www.youtube.com/watch?v=0Aw4AFECLWM,0Aw4AFECLWM,Nohashi Records
Mr Fingers - Can You Feel It,https://www.youtube.com/watch?v=tFuujExs03A,tFuujExs03A,HouseNationChicago
FINGERS INC - Another Side (Complete Album)  Alleviated Records,https://www.youtube.com/watch?v=ZR4ZCK_QYSs,ZR4ZCK_QYSs,39 Herzios
Fingers Inc - Mystery of Love (1986 Instrumental Mix) Old School House,https://www.youtube.com/watch?v=YeTkjp-uQKk,YeTkjp-uQKk,Electronic Music Underground!
Larry Heard - Summer Breeze,https://www.youtube.com/watch?v=N9GovwvafLo,N9GovwvafLo,Nimrod Azoulai
Larry Heard  Loose Fingers - ask me about my life,https://www.youtube.com/watch?v=_QZMjvpUKnI,_QZMjvpUKnI,Babes Papes
Larry Heard - Dj Vu,https://www.youtube.com/watch?v=dni8J0Agj4o,dni8J0Agj4o,dreamin2live
Mr Fingers - What About This Love (Extended Version),https://www.youtube.com/watch?v=diM_TmToXM8,diM_TmToXM8,UNDERGROUND CLASSICS HOUSE
Missing You (Instrumental),https://www.youtube.com/watch?v=Up57jnV1W0k,Up57jnV1W0k,Mr. Fingers - Topic
Larry Heard - Missing You (Original Version),https://www.youtube.com/watch?v=UWV6D7WCvBo,UWV6D7WCvBo,tonton4o
Larry Heard - People,https://www.youtube.com/watch?v=vuxq1aonxhg,vuxq1aonxhg,Jazzy Groove Channel
DJ Larry Heard Untitled Promo Mix,https://www.youtube.com/watch?v=KKtIP0DFxD8,KKtIP0DFxD8,Jacob Solbux
You Rock Me (Long Version),https://www.youtube.com/watch?v=ElyCxjDii_E,ElyCxjDii_E,Larry Heard Presents Mr. White - Topic
Larry Heard - Insight,https://www.youtube.com/watch?v=lIKVEgfpqZY,lIKVEgfpqZY,spycory1
The Sun Cant Compare (Long Version),https://www.youtube.com/watch?v=a1qXc36b7wk,a1qXc36b7wk,Larry Heard Presents Mr. White - Topic
Another Night,https://www.youtube.com/watch?v=wlPmnh0g9KM,wlPmnh0g9KM,Mr. Fingers - Topic
Larry Heard with Moodman What About This Love Live  Dommune 13 03 2011,https://www.youtube.com/watch?v=jHMieO8I7wE,jHMieO8I7wE,Гайцы Газазат
Gallifre  Jimmie Lee - Set Your Mind To It (Mr Fingers),https://www.youtube.com/watch?v=d_rll9Xi1S4,d_rll9Xi1S4,eric edmondson
Mr Fingers  Classic Fingers,https://www.youtube.com/watch?v=tiiS1Onot34,tiiS1Onot34,Basement Tracks
Mystery of Love,https://www.youtube.com/watch?v=5tqErnknRsE,5tqErnknRsE,Mr. Fingers - Topic
Mr Fingers is here,https://www.youtube.com/watch?v=9VtowVpzrcY,9VtowVpzrcY,Mr. fingers
Mr Fingers - Youre Someone Special,https://www.youtube.com/watch?v=kVZDcUxosMw,kVZDcUxosMw,UNDERGROUND CLASSICS HOUSE
On My Way,https://www.youtube.com/watch?v=82kLIHVrRkU,82kLIHVrRkU,Mr. Fingers - Topic
Closer,https://www.youtube.com/watch?v=_O4e2ls346Y,_O4e2ls346Y,Mr. Fingers - Topic
2nd Avenew  Its The New (Club Mix),https://www.youtube.com/watch?v=mw5yviY04OQ,mw5yviY04OQ,In House We Trust
2nd Avenew - Its The New (Dub Mix),https://www.youtube.com/watch?v=SI2dsTBRqYk,SI2dsTBRqYk,Underground Music Channel
(1989) Blakk Society feat David Hollister - Just Another Lonely Day [Larry Heard Club Mix],https://www.youtube.com/watch?v=eAip575g_yw,eAip575g_yw,Dancin Deepest
Disco - D (Larry Heard) - 2(122-BPM),https://www.youtube.com/watch?v=U0ih89dNPzM,U0ih89dNPzM,Sounds from MHT
Disco - D  Beat It (Dance Tracs),https://www.youtube.com/watch?v=iocdeD3itKQ,iocdeD3itKQ,Anthony Cetta
disco d,https://www.youtube.com/watch?v=P53gel6B0Js,P53gel6B0Js,jellybeanbenitiz
Bang Le Dex - Larry Heard aka Mr Fingers - EP 01312024,https://www.youtube.com/watch?v=5Igb7x2wx9g,5Igb7x2wx9g,Bang Le' Dex Official
Gherkin Jerks - Meltdown,https://www.youtube.com/watch?v=qZK9looYGl4,qZK9looYGl4,disrupt303
Midi Beats,https://www.youtube.com/watch?v=lMfy4urz76U,lMfy4urz76U,Mr. Fingers - Topic
Gherkin Jerks - Din Sync,https://www.youtube.com/watch?v=zToBzy-Xv_Y,zToBzy-Xv_Y,disrupt303
Acid Indigestion,https://www.youtube.com/watch?v=0o_1B4P3Ges,0o_1B4P3Ges,Mr. Fingers - Topic
Gherkin Jerks Acid Indigestion,https://www.youtube.com/watch?v=iMtkOgjFAqA,iMtkOgjFAqA,disrupt303
Parameters,https://www.youtube.com/watch?v=K6N9Fb7DI3U,K6N9Fb7DI3U,Mr. Fingers - Topic
Gherkin Jerks Parameters,https://www.youtube.com/watch?v=d6Q5kwJbBug,d6Q5kwJbBug,disrupt303
Space Dance,https://www.youtube.com/watch?v=7tlKZqi1050,7tlKZqi1050,Mr. Fingers - Topic
The Gherkin Jerks - Space Dance,https://www.youtube.com/watch?v=yanlWyBbA9c,yanlWyBbA9c,DeliciousJay
Saturn V,https://www.youtube.com/watch?v=UZRSlF49TBE,UZRSlF49TBE,Mr. Fingers - Topic
When Summer Comes (12 Version),https://www.youtube.com/watch?v=pzAmJsDCtOQ,pzAmJsDCtOQ,Mr. Fingers - Topic
Deep Inside (12 Version),https://www.youtube.com/watch?v=Fe6h63OX-1E,Fe6h63OX-1E,Mr. Fingers - Topic
Lamentation (12 Version),https://www.youtube.com/watch?v=loNDC_HL9G8,loNDC_HL9G8,Mr. Fingers - Topic
Loosefingers (Larry Heard) - Lamentation,https://www.youtube.com/watch?v=g0NcaOAqBJE,g0NcaOAqBJE,tthrober
Loosefingers  Dreamin Of Better Days,https://www.youtube.com/watch?v=EBh29AXXQdY,EBh29AXXQdY,In House We Trust
What Is House,https://www.youtube.com/watch?v=eB8rxdrgxis,eB8rxdrgxis,Mr. Fingers - Topic
Loosefingers - Lost in Time,https://www.youtube.com/watch?v=T_qWtNP0Fj4,T_qWtNP0Fj4,RoN
Loose Fingers,https://www.youtube.com/watch?v=VL1qJF05wfg,VL1qJF05wfg,Sensient - Topic
The Housefactors - Total Control [ML2307],https://www.youtube.com/watch?v=_GLfi_cha9g,_GLfi_cha9g,Electronic Love Collective
The Housefactors - Play It Loud,https://www.youtube.com/watch?v=hPQdwxF0Tio,hPQdwxF0Tio,livingonvide0
Total Control,https://www.youtube.com/watch?v=AESzGSlX83A,AESzGSlX83A,The Housefactors - Topic
The Housefactors - Freestyle,https://www.youtube.com/watch?v=X_Q1NLeZ2QY,X_Q1NLeZ2QY,livingonvide0
The Housefactors - Total Control (Original Mix),https://www.youtube.com/watch?v=V67AzkDkKng,V67AzkDkKng,mazz rhythm
Housefactors - Freestyle,https://www.youtube.com/watch?v=9sToHYP8ymk,9sToHYP8ymk,disrupt303
The House Factors - Big Bang Theory (Original Mix),https://www.youtube.com/watch?v=b6sh-_rTBnc,b6sh-_rTBnc,Djs Mazz Playlists
Housefactors - Go Crazy ( LARRY HEARD TECHNO CLASSIC),https://www.youtube.com/watch?v=437PlZ69I0Q,437PlZ69I0Q,ressla
Trio Zero (AKA Larry Heard  Ten City) - Twilight,https://www.youtube.com/watch?v=-ROra7YKbbQ,-ROra7YKbbQ,Lucas Music
Fingers Inc - Live  Club Roxy Amsterdam NL 11031988,https://www.youtube.com/watch?v=y-AWD51TvRM,y-AWD51TvRM,Ivory Joe From Kokomo
Fingers Inc - A Path (Original Album Version) HQ,https://www.youtube.com/watch?v=cf8KnPHbViU,cf8KnPHbViU,G.J. KOSTER
Fingers Inc - Bye Bye,https://www.youtube.com/watch?v=KNgYCrWKS7g,KNgYCrWKS7g,Andrea F
Fingers Inc - A Path (Club Mix),https://www.youtube.com/watch?v=Rk5iTNm54g8,Rk5iTNm54g8,UNDERGROUND CLASSICS HOUSE
Fingers Inc - Its Over (1986),https://www.youtube.com/watch?v=qAcTeNOdfZY,qAcTeNOdfZY,Classic Wax
Distant Planet,https://www.youtube.com/watch?v=ofLHH4CwUIQ,ofLHH4CwUIQ,Fingers Inc. - Topic
Fingers Inc  Distant Planet,https://www.youtube.com/watch?v=qa3YBDXY7c4,qa3YBDXY7c4,WJMTV
Hush Hush - Fingers Inc,https://www.youtube.com/watch?v=8y_NOM1KzZg,8y_NOM1KzZg,QCK Records
Never No More Lonely,https://www.youtube.com/watch?v=ewh8f1B6lR4,ewh8f1B6lR4,Fingers Inc. - Topic
Fingers Inc Never no more lonely,https://www.youtube.com/watch?v=AexFISvKnyM,AexFISvKnyM,Chicagowax
Mr Fingers ((Mystery Of Love)) Original Version 1985,https://www.youtube.com/watch?v=Z9o2v3SA1Co,Z9o2v3SA1Co,side A side B
Larry Heard  unknown radio (1996),https://www.youtube.com/watch?v=xPG2s7HYktk,xPG2s7HYktk,House Tape
The It [Larry Heard  Harry Dennis] - Rainforest Serenade (Long Version),https://www.youtube.com/watch?v=tTRx5VNuP6Y,tTRx5VNuP6Y,Lucas Music
Praise,https://www.youtube.com/watch?v=cnV0Y7pja3E,cnV0Y7pja3E,Mr. Fingers - Topic
The It (Harry Dennis  Larry Heard) - Screams Of Pain,https://www.youtube.com/watch?v=-36zF6lyn_I,-36zF6lyn_I,tevz
Fingers N Flowers - Between Us (Vocal) [ML2244],https://www.youtube.com/watch?v=5l96HB_KMLI,5l96HB_KMLI,Electronic Love Collective
Reel It In (Fingers Remix),https://www.youtube.com/watch?v=ygSuhYRgpUo,ygSuhYRgpUo,Release - Topic
Larry Heard - Dance 2000 (Full Album),https://www.youtube.com/watch?v=5nNdxfHPldc,5nNdxfHPldc,Open Your Eyes
Deja Vu,https://www.youtube.com/watch?v=YmLFlhQMDUQ,YmLFlhQMDUQ,Mr. Fingers - Topic
Larry Heard - Enchanted,https://www.youtube.com/watch?v=ZPhrxJ5e48Y,ZPhrxJ5e48Y,Namia Gihouse Deepful
Larry Heard - Sceneries Not Songs Volume 2 (1995),https://www.youtube.com/watch?v=FlYHRoiX4Rc,FlYHRoiX4Rc,Ilja
Larry Heard - Where Life Begins (Full Album),https://www.youtube.com/watch?v=eJNInn3H1Ds,eJNInn3H1Ds,thearchiveperson
Larry Heard - Alien (1996),https://www.youtube.com/watch?v=rdp3_VVdtDQ,rdp3_VVdtDQ,Ilja
The Larry Heard Finger Print (A Deep Soulful House Mix) by DJ Spivey,https://www.youtube.com/watch?v=q2t4CeRLnBQ,q2t4CeRLnBQ,DJ Spivey
Best of Mr Fingers aka Larry Heard Dj Live Sep14 1991 (2),https://www.youtube.com/watch?v=2-mnCWNGnco,2-mnCWNGnco,Nohashi Records
Larry Heard special Gilles Peterson  BBC Radio 6 Music [2018-07-07],https://www.youtube.com/watch?v=M1FsDF8M2Oo,M1FsDF8M2Oo,Lucas Music
Larry Heard - Techno-Centric,https://www.youtube.com/watch?v=TgiCUZibgHQ,TgiCUZibgHQ,Garden Radio
Larry Heard Praise,https://www.youtube.com/watch?v=1qD-tpmN3K4,1qD-tpmN3K4,estimulo101
Moodymanc Black Paint (Larry Heards After Dark Mix),https://www.youtube.com/watch?v=7u1TJ-52ldY,7u1TJ-52ldY,Tsuba Records
Larry Heard - Tryblennasense,https://www.youtube.com/watch?v=8Db5aM2CkRQ,8Db5aM2CkRQ,Garden Radio
Island Talks 001 Larry Heard,https://www.youtube.com/watch?v=US74opPlgS8,US74opPlgS8,Katamama
Larry Heard Interview (Mr Fingers),https://www.youtube.com/watch?v=1ppqTPcTYHg,1ppqTPcTYHg,Dreaming Live
Larry Heard - Praise (GUs Thank You Mix),https://www.youtube.com/watch?v=z0cxFCR-XrI,z0cxFCR-XrI,4theloveofhousemuzik
Best of Larry Heard Dj liveSankeys Manchester UK 1996 (1),https://www.youtube.com/watch?v=4OXaTi16dB8,4OXaTi16dB8,Nohashi Records
Larry Heard - Free,https://www.youtube.com/watch?v=tmrvSFp74MI,tmrvSFp74MI,luudo
(VA) Afterdark - Chicago - Larry Heard - Theme From Guidance,https://www.youtube.com/watch?v=NUbxlLRbEes,NUbxlLRbEes,XtremEthan
Larry Heard  Black Oceans,https://www.youtube.com/watch?v=Nz0LUOkUk8I,Nz0LUOkUk8I,MyHouse Channel
(VA) Do You Know House Vol 1 - Club Ice - Manhasset (Larry Heard Mix),https://www.youtube.com/watch?v=EfYtrdLPvmw,EfYtrdLPvmw,XtremEthan
Larry Heard interview with Charlie Bones July 2019,https://www.youtube.com/watch?v=J4yMTS7snEM,J4yMTS7snEM,HOUSEWARMING
Larry Heard - Another Night,https://www.youtube.com/watch?v=5nmPnXiE-fM,5nmPnXiE-fM,Hedgehog Underground: The Old School Zone
Larry Heard - And So I Dance (Anthony Nicholsons And So I Rhumba Mix),https://www.youtube.com/watch?v=ievT3ebZZNM,ievT3ebZZNM,diskoblastick
Praise to the Vibes feat Nicole Wray,https://www.youtube.com/watch?v=6HpdIc63nPM,6HpdIc63nPM,Mr. Fingers - Topic
Sao Paulo,https://www.youtube.com/watch?v=pt-kdCb9iyk,pt-kdCb9iyk,Mr. Fingers - Topic
Aether,https://www.youtube.com/watch?v=IDuMkzspj5s,IDuMkzspj5s,Mr. Fingers - Topic
Mr Fingers - Aether (B2 on Outer Acid EP),https://www.youtube.com/watch?v=PVCB34uAqPU,PVCB34uAqPU,deepeightyeight
Full Moon,https://www.youtube.com/watch?v=wDI-iYdqeNo,wDI-iYdqeNo,Mr. Fingers - Topic
Mr Fingers - Cerebral Hemispheres [Full Album],https://www.youtube.com/watch?v=j4Yf-vChaW0,j4Yf-vChaW0,Sound Station Strategy
Empty,https://www.youtube.com/watch?v=ARKpzOVOpyM,ARKpzOVOpyM,Mr. Fingers - Topic
Survivor,https://www.youtube.com/watch?v=qPXlrvFRdhs,qPXlrvFRdhs,Mr. Fingers - Topic
Uniform Variations,https://www.youtube.com/watch?v=1ID0_d-C4VM,1ID0_d-C4VM,Mr. Fingers - Topic
On a Corner Called Jazz,https://www.youtube.com/watch?v=pc_K6KIOmcU,pc_K6KIOmcU,Mr. Fingers - Topic
Mr Fingers -- Introduction - On A Corner Called Jazz 1992,https://www.youtube.com/watch?v=WhjlAnLBhRY,WhjlAnLBhRY,Jacyhouse
How To Make Classic Sounds Like Mr Fingers,https://www.youtube.com/watch?v=3WkXHg7TU6k,3WkXHg7TU6k,subSine | Academy of Electronic Music
Mr Fingers - Electron,https://www.youtube.com/watch?v=_P1CAwUEmQ8,_P1CAwUEmQ8,Eminent
Kai ALCE - Take A Chance (Mr Fingers Full Ambient Acid Instrumental),https://www.youtube.com/watch?v=Yd5VJMwqa5M,Yd5VJMwqa5M,Echoes From Small Room
Mr Fingers - A Day in Portugal [ML9017],https://www.youtube.com/watch?v=m_GfmrYeQeI,m_GfmrYeQeI,Electronic Love Collective
Mr Fingers - Tiger Lounge [ML9017],https://www.youtube.com/watch?v=KjShYAS-5SA,KjShYAS-5SA,Electronic Love Collective
Mr Fingers - Qwazars,https://www.youtube.com/watch?v=07S19RpHr08,07S19RpHr08,Le Polyson
Mr Fingers - Urbane Sunset [ML9017],https://www.youtube.com/watch?v=e2sKKWgF2Cc,e2sKKWgF2Cc,Electronic Love Collective
Mr Fingers - Children At Play (La Casa Records 1995),https://www.youtube.com/watch?v=Xp8G9C3cTi4,Xp8G9C3cTi4,ILoveHouseMusicTV
GALLIFRE Featuring JIMMIE LEE - Set Your Mind To It (Mr Fingers Jazzy Instrumental),https://www.youtube.com/watch?v=PS3pW6t9POk,PS3pW6t9POk,Mania Vinyl
Mr Fingers - Full Moon [ML9017],https://www.youtube.com/watch?v=dOLcpeI9R-8,dOLcpeI9R-8,Electronic Love Collective
Total - Mr Fingers,https://www.youtube.com/watch?v=dVuhxXcYlxQ,dVuhxXcYlxQ,UziNisse
Mr Fingers - Empty,https://www.youtube.com/watch?v=qQDLwsjkWSc,qQDLwsjkWSc,Sanctuary
Fingers Inc - So Glad (Album Version),https://www.youtube.com/watch?v=z4_Q_fIBpng,z4_Q_fIBpng,houzbizness303
Music Take Me Up,https://www.youtube.com/watch?v=P8iqHZDhHoA,P8iqHZDhHoA,Fingers Inc. - Topic
Fingers Inc  Mysteries Of Love 1988,https://www.youtube.com/watch?v=gmN1sqc1z24,gmN1sqc1z24,dj  Viter 2 Ukrajina
Fingers Inc - Never No More Lonely,https://www.youtube.com/watch?v=7gPvQfE-UC8,7gPvQfE-UC8,UNO-ONE
Fingers Inc - Its Over,https://www.youtube.com/watch?v=0l21QlmkdHU,0l21QlmkdHU,UNDERGROUND CLASSICS HOUSE
How Larry Heard made house music deep  Resident Advisor,https://www.youtube.com/watch?v=OjV3PDi3KE8,OjV3PDi3KE8,Resident Advisor
Larry Heard - Motherland (deep house music),https://www.youtube.com/watch?v=1LgQDT7YHUg,1LgQDT7YHUg,qwerty2009ful
Larry Heard - Midnight Movement,https://www.youtube.com/watch?v=ZMVxEfuhY6Y,ZMVxEfuhY6Y,Garden Radio
Mr Fingers - Closer,https://www.youtube.com/watch?v=ESS2oExpNWI,ESS2oExpNWI,UNDERGROUND CLASSICS HOUSE
Deja Vu (Musaria Remix),https://www.youtube.com/watch?v=wowhp5xYT20,wowhp5xYT20,Mr. Fingers - Topic
Larry Heard - Theme From Guidance,https://www.youtube.com/watch?v=pfbvW0fB6fE,pfbvW0fB6fE,luciendelapeste
Robert Owens Larry Heard Mix Kiss FM Circa 1994,https://www.youtube.com/watch?v=efA3SzpREUY,efA3SzpREUY,Andywaitforsolong g
Larry Heard - Tente Imaginar,https://www.youtube.com/watch?v=HXkO3Lh5ufU,HXkO3Lh5ufU,Class77
Larry Heard in conversation at AVA Festival  Native Instruments,https://www.youtube.com/watch?v=PXxi5kVfcws,PXxi5kVfcws,Native Instruments
Larry Heard - What is House (long version),https://www.youtube.com/watch?v=r5aB0WtKa4Q,r5aB0WtKa4Q,Alex Thompson
Larry Heard aka Mr Fingers live  Jack Fridays Chicago - August 25th 2006 (Mannyz Tapez),https://www.youtube.com/watch?v=rWtqEyT-3yE,rWtqEyT-3yE,DJMTRAXXX
Larry Heard - Guidance (Calm),https://www.youtube.com/watch?v=FD-pNlzNP98,FD-pNlzNP98,UNDERGROUND CLASSICS HOUSE
Larry Heard - One Three Five Seven,https://www.youtube.com/watch?v=EwDqpeM_umM,EwDqpeM_umM,UNDERGROUND CLASSICS HOUSE
Larry Heard - Acid Dreams,https://www.youtube.com/watch?v=y9rFjydgiFA,y9rFjydgiFA,disrupt303
Larry Heard  Loose Fingers - what is house,https://www.youtube.com/watch?v=KT4z6bqQv3M,KT4z6bqQv3M,Babes Papes
Larry Heard  Freaky (Chaos),https://www.youtube.com/watch?v=y8FWwe0o0P8,y8FWwe0o0P8,MyHouse Channel
Larry Heard  Loose Fingers - acid bounce,https://www.youtube.com/watch?v=U0sqXH6b_hE,U0sqXH6b_hE,Babes Papes
Larry Heard - Spinal Tap,https://www.youtube.com/watch?v=bgjiWyvkjNg,bgjiWyvkjNg,Jazzy Groove Channel
Larry Heard Acid Bounce,https://www.youtube.com/watch?v=dDVFQIr1a6c,dDVFQIr1a6c,M r . C h a w a k s
Larry Heard - Balance,https://www.youtube.com/watch?v=FLKZCFL_rn8,FLKZCFL_rn8,Techno & House Classics
Free Download Larry Heard - Guidance (LOR Remix),https://www.youtube.com/watch?v=pUt7T5hh9L0,pUt7T5hh9L0,Deep House Amsterdam
Larry Heard - Changes (KGB Remix),https://www.youtube.com/watch?v=e0nWXxvjXjI,e0nWXxvjXjI,Techno & House Classics
Larry Heard - Winterflower (Original Mix),https://www.youtube.com/watch?v=wTxQ1crpA5w,wTxQ1crpA5w,MannerWSF
Club Ice - Manhassett (Larry Heard space mix),https://www.youtube.com/watch?v=A-oovvmKgv0,A-oovvmKgv0,PlayJaxx
Neon Heights - Are We thru (Larry Heards Underground Vibe Remix),https://www.youtube.com/watch?v=TWNwBlbFnxE,TWNwBlbFnxE,clovis86
Larry Heard - Dejavu (Musaria Mix) IV27,https://www.youtube.com/watch?v=FJyuj6sKcwU,FJyuj6sKcwU,Brisghain's Basement
Larry Heard - Changes (GU Vocal Version),https://www.youtube.com/watch?v=TfcKTvPAFlA,TfcKTvPAFlA,Techno & House Classics
Shonky - Le Velour (Larry Heard Remix),https://www.youtube.com/watch?v=0i3gBbMvqVU,0i3gBbMvqVU,Mikey le Streets
How Larry Heard Made House Deep,https://www.youtube.com/watch?v=Zx6gDTXZPBg,Zx6gDTXZPBg,Resident Advisor
Larry Heard - What,https://www.youtube.com/watch?v=kuWlnR0doGM,kuWlnR0doGM,Dimitri Petry
Larry Heard - Serene (1999),https://www.youtube.com/watch?v=By0ELvM_vGo,By0ELvM_vGo,rangusr
Massive Attack - Any Love (Larry Heard Mix) (vinyl),https://www.youtube.com/watch?v=T6f9rP5K1pU,T6f9rP5K1pU,edNbo
Any Love (Larry Heard Mix),https://www.youtube.com/watch?v=Di9TgIiPpPs,Di9TgIiPpPs,massiveattack
Larry Heard - The Secret Place,https://www.youtube.com/watch?v=RUwmPQGEhCs,RUwmPQGEhCs,Jazzy Groove Channel
Larry Heard - 25 Years From Alpha,https://www.youtube.com/watch?v=JFO2XW5lk8c,JFO2XW5lk8c,Selector's Practice : Breaks & Cuts
Original Love - Love Vista (Unreleased Larry Heard Instrumental Dub) [Edit  Dub],https://www.youtube.com/watch?v=6_D5bjX42O0,6_D5bjX42O0,Chineurs des Origines
Larry Heard Precious Tears,https://www.youtube.com/watch?v=H7jbEkHZOXU,H7jbEkHZOXU,Vuk Dragovic
Larry Heard Changes KGB Remix- (The Remixes)-ReleasedFeb 2007,https://www.youtube.com/watch?v=Ni-1g52MTyY,Ni-1g52MTyY,Tony brush aka dancephoria FR
Larry Heard - Tryblennasense (1998),https://www.youtube.com/watch?v=5YYZfUBtP4g,5YYZfUBtP4g,Jelle Hamstra
Larry heard aka Mr fingers,https://www.youtube.com/watch?v=mIK3TeO7Mow,mIK3TeO7Mow,Nhluvuko Tshabalala
Larry Heard - Summertime Breeze(2020 Vinyl Repress Version),https://www.youtube.com/watch?v=T_vQs-sG5cU,T_vQs-sG5cU,Eccah
Larry Heard - A Question Of Time (vinyl),https://www.youtube.com/watch?v=a3SyWG6yJJc,a3SyWG6yJJc,edNbo
Larry Heard  Missing You,https://www.youtube.com/watch?v=RBnLh1LrJcc,RBnLh1LrJcc,Basement Tracks
Larry Heard  25 Years From Alpha,https://www.youtube.com/watch?v=IB8g5vGHYqM,IB8g5vGHYqM,Basement Tracks
Larry Heard  Loose Fingers - dawn of a new day,https://www.youtube.com/watch?v=VCwtHJYPb5w,VCwtHJYPb5w,Babes Papes
Nookie  Larry Heard - You  Me (1997) (Unreleased),https://www.youtube.com/watch?v=ur2onlAF6Bs,ur2onlAF6Bs,Ambiance
Nookie feat Larry Heard - Paradise (Tease mix),https://www.youtube.com/watch?v=fEzrBvhx2TU,fEzrBvhx2TU,Rainbow Arts
Larry Heard  Another Night (Re-Edit),https://www.youtube.comcan /watch?v=gJHNay9vRcA,gJHNay9vRcA,MyHouse Channel
Larry Heard  Loose Fingers - lamentation,https://www.youtube.com/watch?v=ehmPE7kJgls,ehmPE7kJgls,Babes Papes
Larry Heard and Robert Owens - Hardy Passion (Unreleased Track) (Ron Hardy),https://www.youtube.com/watch?v=k7SXy5PjWv0,k7SXy5PjWv0,frank3x
Larry Heard  Loose Fingers - spirit sensitive,https://www.youtube.com/watch?v=nOW5GaCmQeM,nOW5GaCmQeM,Babes Papes
Larry Heard Live Zimmer Mannheim 2932008 cd1,https://www.youtube.com/watch?v=iD7lI_53mGw,iD7lI_53mGw,Cello & Ciccio
Larry Heard  Jtais dans un groupe de reprises de Prince  Interview Nova Club,https://www.youtube.com/watch?v=KdZr6KjX61g,KdZr6KjX61g,Radio Nova
Larry Heard singing live at Dekmantel,https://www.youtube.com/watch?v=yssepshJy60,yssepshJy60,Stef Spijkermans
Live de Larry Heard au Wanderlust pour les 10 ans de Smallville Paris,https://www.youtube.com/watch?v=7dcJEwsmbpY,7dcJEwsmbpY,Nicolas Bresson
Larry Heard Live Nachtdigital Festival Olganitz Germany 1082009 cd1,https://www.youtube.com/watch?v=p3UHJEbLAiM,p3UHJEbLAiM,Cello & Ciccio
Larry Heard LiveRoxy club Amsterdam Holland 1988,https://www.youtube.com/watch?v=qKxJYBCLU1A,qKxJYBCLU1A,Toru S. Magic Cucumbers
[Audio Interview] Larry Heard  RA EX300 (2016),https://www.youtube.com/watch?v=hHv875DBCFA,hHv875DBCFA,Lucas Music
Larry Heard Interview Kiss FM - 1992,https://www.youtube.com/watch?v=By4DcfoP864,By4DcfoP864,2steppa3
Larry Heard aka Mr Fingers - Freedom Time Manning Bar Sydney,https://www.youtube.com/watch?v=_YxaC4mT-Jc,_YxaC4mT-Jc,TimothyVdp / DJ Tracksuit
Mr Fingers (Larry Heard) (live) at Nuits Sonores Lyon 11 May 2018,https://www.youtube.com/watch?v=z3VhgU96Gy0,z3VhgU96Gy0,Amsterdam Electronic
Larry Heard aka Mr Fingers LIVE - Dekmantel Festival Amsterdam 2017,https://www.youtube.com/watch?v=gHM_5z4dyJQ,gHM_5z4dyJQ,Martino Zanovello
Mr Fingers - Missing You live at PPF 2018,https://www.youtube.com/watch?v=oNyiMs5JPW8,oNyiMs5JPW8,videomove
Mr Fingers Live w Fatima  Paul Cut in Sydney may 25 2019 manhassett,https://www.youtube.com/watch?v=j33pnJaJllQ,j33pnJaJllQ,florida4444
Festival Dekmantel 2017 Larry Heard aka Mr Fingers live,https://www.youtube.com/watch?v=y6DQf9i3vUc,y6DQf9i3vUc,ElectronBio
Mr Fingers Ammnesia (Original 12 mix),https://www.youtube.com/watch?v=xzh1msMIpt0,xzh1msMIpt0,Chicagowax
Wallflower - Say You Wont Ever (Larry Heard Club Mix) (Rebirth),https://www.youtube.com/watch?v=5LPMXtFV1Fc,5LPMXtFV1Fc,Lello Russo
Help Me Lose My Mind (Larry Heard Remix),https://www.youtube.com/watch?v=ahcFhxjpdds,ahcFhxjpdds,Disclosure
Larry Heard Talks Robert Owens and Being Sampled  Red Bull Music Academy,https://www.youtube.com/watch?v=Ed-2VQM35xU,Ed-2VQM35xU,Red Bull Music Academy
Robert Owens  Larry Heard - Be Your Own Hero (Migumatix Re Jack),https://www.youtube.com/watch?v=T_bnj4KbBE0,T_bnj4KbBE0,Compost Records
Larry Heard Presents Mr White - The Sun Cant Compare (Long Version) - 2006,https://www.youtube.com/watch?v=JIUulIpuuHA,JIUulIpuuHA,ohral_tv
Larry Heard ( Loose Fingers ) - Flashback,https://www.youtube.com/watch?v=2F7k38RCDKw,2F7k38RCDKw,0XXELISIONXX0
Deconstructing CAN YOU FEEL IT Larry Heards MASTERPIECE,https://www.youtube.com/watch?v=skwPsNLWViY,skwPsNLWViY,Gyu Beats
Ian Simmonds - The State (Larry Heard aka Mr Fingers Late Night Mix) [GMNLP002RMX],https://www.youtube.com/watch?v=q3PNNeaWUqU,q3PNNeaWUqU,Electronic Love Collective
Larry Heard - Black Oceans,https://www.youtube.com/watch?v=R1CFswkZ1pk,R1CFswkZ1pk,Lucas Music
PRAISE - Larry Heard  YOON HOUSE  6ixxense,https://www.youtube.com/watch?v=DQcrejMl9ek,DQcrejMl9ek,6XENSE_DANCE_STUDIO
The Beauty of Celeste feat Che,https://www.youtube.com/watch?v=0vTCUjUls7A,0vTCUjUls7A,Mr. Fingers - Topic
Nookie Featuring Larry Heard - Mystical People,https://www.youtube.com/watch?v=jbzJoxbIiPo,jbzJoxbIiPo,m0mper
Larry Heard - Another Night (Re-Edit),https://www.youtube.com/watch?v=FORk6A3NxSw,FORk6A3NxSw,matyu
Alton Miller  Paradise (Larry Heard Vocal Rework),https://www.youtube.com/watch?v=jg-2tMrd1V8,jg-2tMrd1V8,MyHouse Channel
Kai Alce Feat Rico  Kafele Bandele - Take A Chance (Larry Heard Remix),https://www.youtube.com/watch?v=C3L9MxdzrQo,C3L9MxdzrQo,Madorasindahouse
Bred For Pleasure feat Aaron Soul - Better Than This (Larry Heard Vocal Mix),https://www.youtube.com/watch?v=Uyhz8zfqywU,Uyhz8zfqywU,Les Yeux Orange
We Can Work It Out,https://www.youtube.com/watch?v=4M56hkuq0Ws,4M56hkuq0Ws,Unknown
Waves Against the Shore,https://www.youtube.com/watch?v=Mm-rkh2qCn8,Mm-rkh2qCn8,Unknown
Alright,https://www.youtube.com/watch?v=pRDiGHSpaWM,pRDiGHSpaWM,Unknown
USSR,https://www.youtube.com/watch?v=CkzyBkG6AcQ,CkzyBkG6AcQ,Unknown
Children at Play,https://www.youtube.com/watch?v=796bjD-E9RQ,796bjD-E9RQ,Unknown
Larry Heard - Dolphin Dream,https://www.youtube.com/watch?v=1BQJdX4H8Lw,1BQJdX4H8Lw,Unknown
Larry Heard - Tahiti Dusk,https://www.youtube.com/watch?v=uc2DH5A94FU,uc2DH5A94FU,Unknown
Larry Heard - Snowcaps,https://www.youtube.com/watch?v=qC5s1WyeW-0,qC5s1WyeW-0,Unknown
Larry Heard - Summertime Breeze,https://www.youtube.com/watch?v=hK8m-duZuVE,hK8m-duZuVE,Unknown
Larry Heard - Winter Winds  Chill,https://www.youtube.com/watch?v=_D61PfO13CE,_D61PfO13CE,Unknown
Larry Heard - Caribbean Coast,https://www.youtube.com/watch?v=-ApWncIy5yQ,-ApWncIy5yQ,Unknown
Larry Heard - Question Of Time,https://www.youtube.com/watch?v=3Q4fLA-jQ_c,3Q4fLA-jQ_c,Unknown
Larry Heard - Crystal Fantasy,https://www.youtube.com/watch?v=RHdjBuyZHz8,RHdjBuyZHz8,Unknown
Larry Heard - Romantic Sway,https://www.youtube.com/watch?v=GxzHEHpp6BA,GxzHEHpp6BA,Unknown
Larry Heard - Forbidden,https://www.youtube.com/watch?v=OVLW90299OU,OVLW90299OU,Unknown
Larry Heard - Solitude,https://www.youtube.com/watch?v=EnJMFaece04,EnJMFaece04,Unknown
Larry Heard - Night Images,https://www.youtube.com/watch?v=aiJwtnT94FA,aiJwtnT94FA,Unknown
Larry Heard - Ice Castles,https://www.youtube.com/watch?v=eipTWIAbZIo,eipTWIAbZIo,Unknown
Larry Heard - Natures Bliss,https://www.youtube.com/watch?v=rQdDFYXVJsQ,rQdDFYXVJsQ,Unknown
Larry Heard - Precious Tears,https://www.youtube.com/watch?v=Q2_N9yXCOZ0,Q2_N9yXCOZ0,Unknown
Larry Heard - Bongo,https://www.youtube.com/watch?v=ZLbeBMaQ93g,ZLbeBMaQ93g,Unknown
Larry Heard - Sceneries Not Songs Volume Tu (CD) [B50930-1],https://www.youtube.com/watch?v=zwSLrkQrXQk,zwSLrkQrXQk,Unknown
Faint Object Detection,https://www.youtube.com/watch?v=JUzBj1aIl4o,JUzBj1aIl4o,Unknown
The Dance of Planet X,https://www.youtube.com/watch?v=iD6K9iSzNF4,iD6K9iSzNF4,Unknown
Micro-Gravity,https://www.youtube.com/watch?v=lXIMaRPO-OE,lXIMaRPO-OE,Unknown
Flight of the Comet,https://www.youtube.com/watch?v=X7RvyUwyaVc,X7RvyUwyaVc,Unknown
DNA-RNA,https://www.youtube.com/watch?v=yE0d_eGmQaw,yE0d_eGmQaw,Unknown
Galactic Travels Suite,https://www.youtube.com/watch?v=aWz7GAFgRzo,aWz7GAFgRzo,Unknown
Cosmogonic Myth,https://www.youtube.com/watch?v=f9EfHvXv2Hg,f9EfHvXv2Hg,Unknown
Two Journeys,https://www.youtube.com/watch?v=kEFaHzwdvJY,kEFaHzwdvJY,Unknown
Teleportation,https://www.youtube.com/watch?v=netmVX0JqVU,netmVX0JqVU,Unknown
Hydrogenation,https://www.youtube.com/watch?v=Lei_31xG9MU,Lei_31xG9MU,Unknown
Cycles of Ecstasy,https://www.youtube.com/watch?v=ttFd67UdiE4,ttFd67UdiE4,Unknown
I Know That Its You,https://www.youtube.com/watch?v=_D7ahDVVOc0,_D7ahDVVOc0,Unknown
Racing Through the Mist,https://www.youtube.com/watch?v=TqmkwEduIOw,TqmkwEduIOw,Unknown
Saga of the Evil Queen,https://www.youtube.com/watch?v=nP0iBQuNLQg,nP0iBQuNLQg,Unknown
Perpetual Radiance,https://www.youtube.com/watch?v=qxWJNcpiuLo,qxWJNcpiuLo,Unknown
My Primitive Nature,https://www.youtube.com/watch?v=7mbSveePqEg,7mbSveePqEg,Unknown
Dancefloor Seduction,https://www.youtube.com/watch?v=aQ3moZiO8SI,aQ3moZiO8SI,Unknown
Pleasure Island,https://www.youtube.com/watch?v=7TkAdXEKt5M,7TkAdXEKt5M,Unknown
Calm To Panic,https://www.youtube.com/watch?v=KBkAU1JAyKE,KBkAU1JAyKE,Unknown
Future Step Lesson,https://www.youtube.com/watch?v=nJD_w78WwOI,nJD_w78WwOI,Unknown
Evolution Of Mind,https://www.youtube.com/watch?v=RhlV1HCGCaE,RhlV1HCGCaE,Unknown
Give Me Heaven,https://www.youtube.com/watch?v=WAaRO4zxZFA,WAaRO4zxZFA,Unknown
Sunset,https://www.youtube.com/watch?v=YiKDwkgMh-s,YiKDwkgMh-s,Unknown
After Hours,https://www.youtube.com/watch?v=ZHkGNnPKmCY,ZHkGNnPKmCY,Unknown
Motherland,https://www.youtube.com/watch?v=7udzINLaZqc,7udzINLaZqc,Unknown
A Long Short Story,https://www.youtube.com/watch?v=5J1e5pMNg50,5J1e5pMNg50,Unknown
Futuristic Island Life,https://www.youtube.com/watch?v=RKE26msfNpE,RKE26msfNpE,Unknown
Spinal Tap,https://www.youtube.com/watch?v=Hr0KxhgXHaQ,Hr0KxhgXHaQ,Unknown
Gentle Morning Rain,https://www.youtube.com/watch?v=eA0qlxquYeY,eA0qlxquYeY,Unknown
Larry Heard - Lunar Gases,https://www.youtube.com/watch?v=NYWs1aJVmNQ,NYWs1aJVmNQ,Unknown
Larry Heard - Rain,https://www.youtube.com/watch?v=3tNngvgqq0Y,3tNngvgqq0Y,Unknown
Larry Heard - Love Theme 2001,https://www.youtube.com/watch?v=j5v5oipgUIo,j5v5oipgUIo,Unknown
Riverside Drive,https://www.youtube.com/watch?v=HhrjMUyHzhQ,HhrjMUyHzhQ,Unknown
Dew Drops,https://www.youtube.com/watch?v=HgQId0XyjmY,HgQId0XyjmY,Unknown
Loves Arrival (Dub),https://www.youtube.com/watch?v=l15CoirMfKY,l15CoirMfKY,Unknown
Until the Last Goodbye,https://www.youtube.com/watch?v=epgbcoHS0xA,epgbcoHS0xA,Unknown
Havana,https://www.youtube.com/watch?v=xbTL78M22hk,xbTL78M22hk,Unknown
Direct Drive,https://www.youtube.com/watch?v=FtELNbRXKzM,FtELNbRXKzM,Unknown
Luminous Energy,https://www.youtube.com/watch?v=L2TgMP0bqB8,L2TgMP0bqB8,Unknown
Larry Heard - Feathers Floating,https://www.youtube.com/watch?v=NAbLiJAGp_8,NAbLiJAGp_8,Unknown
Can You Feel It,https://www.youtube.com/watch?v=p2XxyBViBog,p2XxyBViBog,Unknown
Washing Machine,https://www.youtube.com/watch?v=yiGg6I934M0,yiGg6I934M0,Unknown
Beyond the Clouds,https://www.youtube.com/watch?v=PUqh9nSL0aI,PUqh9nSL0aI,Unknown
Slam Dance,https://www.youtube.com/watch?v=9FTNrR8P7cI,9FTNrR8P7cI,Unknown
Stars,https://www.youtube.com/watch?v=wT2Foqa7irc,wT2Foqa7irc,Unknown
Waterfall,https://www.youtube.com/watch?v=1ZHEcCcvVS8,1ZHEcCcvVS8,Unknown
Lets Dance All Night,https://www.youtube.com/watch?v=-kKiKgI3jnM,-kKiKgI3jnM,Unknown
Bye Bye,https://www.youtube.com/watch?v=iHx-pyJX9mw,iHx-pyJX9mw,Unknown
For So Long,https://www.youtube.com/watch?v=D7AXa2O1T-o,D7AXa2O1T-o,Unknown
Amnesia,https://www.youtube.com/watch?v=XxwHwDFWz7I,XxwHwDFWz7I,Unknown
The Juice,https://www.youtube.com/watch?v=4L-Kh9DBgNA,4L-Kh9DBgNA,Unknown
Larry Heard - Sweet Wine,https://www.youtube.com/watch?v=0M0D17kbeK4,0M0D17kbeK4,Unknown
Dreaming of Better Days,https://www.youtube.com/watch?v=av7pkVDbE30,av7pkVDbE30,Unknown
In Early May,https://www.youtube.com/watch?v=h1OK2zkMBuk,h1OK2zkMBuk,Unknown
Glancing at the Moon (12 Version),https://www.youtube.com/watch?v=y-ghmjQj1wQ,y-ghmjQj1wQ,Unknown
Dead End Alley,https://www.youtube.com/watch?v=I8fEMf1wL0Q,I8fEMf1wL0Q,Unknown
Mr Fingers - Angel Eyes,https://www.youtube.com/watch?v=gPoVmdXVqXc,gPoVmdXVqXc,Unknown
Larry Heard aka Mr Fingers - Never Take Your Place,https://www.youtube.com/watch?v=ggiPcq_mWyk,ggiPcq_mWyk,Unknown
Mr Fingers - Loves Guaranteed,https://www.youtube.com/watch?v=-Id6fG2DVg0,-Id6fG2DVg0,Unknown
Mr Fingers - Mystical People,https://www.youtube.com/watch?v=m6B-k4t7brs,m6B-k4t7brs,Unknown
Mr Fingers - Share My Love,https://www.youtube.com/watch?v=crnHLY-Kgdg,crnHLY-Kgdg,Unknown
Mr Fingers - Show Me,https://www.youtube.com/watch?v=hqZTd9X1Ymg,hqZTd9X1Ymg,Unknown
Mr Fingers - Teasing,https://www.youtube.com/watch?v=reRDmkoUbcs,reRDmkoUbcs,Unknown
Mr Fingers - Ive Fallen (Under A Spell),https://www.youtube.com/watch?v=BJGFL4nxvV8,BJGFL4nxvV8,Unknown
Mr Fingers - Caress,https://www.youtube.com/watch?v=-pQuKnCLTRw,-pQuKnCLTRw,Unknown
Larry Heard - Winter Winds  Chill [Spiral Records],https://www.youtube.com/watch?v=VkHypDcSYoI,VkHypDcSYoI,Unknown
Larry Heard - Teleportation,https://www.youtube.com/watch?v=UI1j-flUd2I,UI1j-flUd2I,Unknown
Larry Heard - And So I Dance,https://www.youtube.com/watch?v=7eOxSa1ec7k,7eOxSa1ec7k,Unknown
Larry Heard  Psychotic Fantasy (C2),https://www.youtube.com/watch?v=bV_lu22zfhs,bV_lu22zfhs,Unknown
Nookie  Larry Heard - Special Kind of Love,https://www.youtube.com/watch?v=UzGx9aOcX-I,UzGx9aOcX-I,Unknown
Nookie  Larry Heard - Moments in Space,https://www.youtube.com/watch?v=IVTnAJ1r9Cc,IVTnAJ1r9Cc,Unknown
Nookie  Larry Heard - Say Musical,https://www.youtube.com/watch?v=4z5WBUXVmYs,4z5WBUXVmYs,Unknown
Nookie feat Larry Heard Paradise (Tease Mix),https://www.youtube.com/watch?v=c26ulXeFzoM,c26ulXeFzoM,Unknown
Larry Heard - Genesis,https://www.youtube.com/watch?v=0qIiiv96Hjw,0qIiiv96Hjw,Unknown
Larry Heard - Interlaced Expressions,https://www.youtube.com/watch?v=DZ04WG-JX8Q,DZ04WG-JX8Q,Unknown
Larry Heard - Fantasy,https://www.youtube.com/watch?v=y-68mINkobs,y-68mINkobs,Unknown
Larry Heard - Riverside Drive - Track Mode 031,https://www.youtube.com/watch?v=luGNvW9DumY,luGNvW9DumY,Unknown
Larry Heard-When I Think Of You,https://www.youtube.com/watch?v=spPuVN-4-P8,spPuVN-4-P8,Unknown
Larry Heard - To Try,https://www.youtube.com/watch?v=6DWNWc8Q1oo,6DWNWc8Q1oo,Unknown
Larry Heard  Loves Arrival Dub (D1),https://www.youtube.com/watch?v=chOJyI5LV-w,chOJyI5LV-w,Unknown
Missing You (Jazz Cafe Mix),https://www.youtube.com/watch?v=W1shabNiK8U,W1shabNiK8U,Unknown
Larry Heard - Havana,https://www.youtube.com/watch?v=nS1MspmZFFw,nS1MspmZFFw,Unknown
Larry Heard - Until The Last Goodbye,https://www.youtube.com/watch?v=ayS5euXeKbA,ayS5euXeKbA,Unknown
When I Think of You,https://www.youtube.com/watch?v=0HPajybbKN8,0HPajybbKN8,Unknown
To Try,https://www.youtube.com/watch?v=hEGFGzLUhko,hEGFGzLUhko,Unknown
Virtual Emotion (Main),https://www.youtube.com/watch?v=WZQ2O4F55NU,WZQ2O4F55NU,Unknown
Virtual Emotion (Dub),https://www.youtube.com/watch?v=xngVhsqg93E,xngVhsqg93E,Unknown
Supernova (Main),https://www.youtube.com/watch?v=wMZRLY4a2c4,wMZRLY4a2c4,Unknown
Supernova (Dub),https://www.youtube.com/watch?v=ezOuwuNzFMo,ezOuwuNzFMo,Unknown
MR FINGERS - Full Moon,https://www.youtube.com/watch?v=IcPyD5ix1Dc,IcPyD5ix1Dc,Unknown
MR FINGERS - Closer (Frankie Foncett Dude Mix),https://www.youtube.com/watch?v=uw9iOVdCe4k,uw9iOVdCe4k,Unknown
MR FINGERS - Crying Over You,https://www.youtube.com/watch?v=F7haWOBL7tM,F7haWOBL7tM,Unknown
Larry Heard - The Dance Of Planet X,https://www.youtube.com/watch?v=kOvEtlUh0gk,kOvEtlUh0gk,Unknown
Larry Heard - I know its you,https://www.youtube.com/watch?v=GbQaKeCOtG8,GbQaKeCOtG8,Unknown
Part 2 of 2 Larry Heard (MRFINGERS) interview 10th March 1992,https://www.youtube.com/watch?v=dGpE0_fyqWg,dGpE0_fyqWg,Unknown
Mr Fingers - Stars (1992 Version),https://www.youtube.com/watch?v=xj-MPJ5glYc,xj-MPJ5glYc,Unknown
Mr Fingers - Beyond The Clouds,https://www.youtube.com/watch?v=7VqAP4fCJOg,7VqAP4fCJOg,Unknown
Larry Heard - Burning 4 Love,https://www.youtube.com/watch?v=3wjAgE6CrpY,3wjAgE6CrpY,Unknown
Mr Fingers (Larry Heard) - Summertime Breeze,https://www.youtube.com/watch?v=Nz-Q0YXJFRc,Nz-Q0YXJFRc,Unknown
Larry Heard aka Mr Fingers  Full Moon,https://www.youtube.com/watch?v=hI84i2n0bOc,hI84i2n0bOc,Unknown
Larry Heard – Another Night (Re Edit),https://www.youtube.com/watch?v=4yH6L6Sv20E,4yH6L6Sv20E,Discogs
Felica Williams - The Time is Now (Old-School Mix) [ML2240],https://www.youtube.com/watch?v=8wxqLm3SfWk,8wxqLm3SfWk,Discogs
Larry Heard - Evening Dance,https://www.youtube.com/watch?v=aSvfInbFm5Q,aSvfInbFm5Q,Discogs
Larry Heard  -  Teleportation (Slam Remix),https://www.youtube.com/watch?v=bg8Clh9He9Y,bg8Clh9He9Y,Discogs
Larry Heard – Dance 2000 - The Chicago Connection - (Anthony Nicholson's And So I Rhumba Mix),https://www.youtube.com/watch?v=dsuGBT-T-cI,dsuGBT-T-cI,Discogs
Larry Heard - Praise Deep4Life Vocal Mix,https://www.youtube.com/watch?v=G0hyTcu695E,G0hyTcu695E,Discogs
Larry Heard – Guidance (Calm),https://www.youtube.com/watch?v=g7P2uHBU4QI,g7P2uHBU4QI,Discogs
Fingers Inc. Robert Owens - Never More Lonely,https://www.youtube.com/watch?v=H7fPKXqMFMM,H7fPKXqMFMM,Discogs
Rebirth 10 (Continuous Mix),https://www.youtube.com/watch?v=hh815Xjn_q8,hh815Xjn_q8,Discogs
Premonition Of Lost Love (Extended Adult Mix),https://www.youtube.com/watch?v=j2wRxUSS50w,j2wRxUSS50w,Discogs
Larry Heard - Space Jungle,https://www.youtube.com/watch?v=MOO9d9Yr6KA,MOO9d9Yr6KA,Discogs
Larry Heard - Black Oceans EP - What is Devine,https://www.youtube.com/watch?v=N_YEsp1R0Is,N_YEsp1R0Is,Discogs
Larry Heard - Reminisce (Kaito Vocal Remix),https://www.youtube.com/watch?v=Ov2rRPUAhkI,Ov2rRPUAhkI,Discogs
Larry Heard - Change Your Mind,https://www.youtube.com/watch?v=sBeHmJ-hsOo,sBeHmJ-hsOo,Discogs
Larry Heard / Loose Fingers - changes,https://www.youtube.com/watch?v=SfcB8Z2fhUU,SfcB8Z2fhUU,Discogs
Nookie Featuring Larry Heard - Paradise [Full Album] (1998),https://www.youtube.com/watch?v=U_vOaltGngw,U_vOaltGngw,Discogs
Larry Heard Presents Mr. White – Virtual Emotion,https://www.youtube.com/watch?v=UvKa23WO54Y,UvKa23WO54Y,Discogs
Ron Trent - Piano Track,https://www.youtube.com/watch?v=w-iBZ5RfTHA,w-iBZ5RfTHA,Discogs
Larry Heard - Time Machine,https://www.youtube.com/watch?v=z5wUcDBo18c,z5wUcDBo18c,Discogs
Public Energy - Three O' Three (Re Edit),https://www.youtube.com/watch?v=-LiV8KWe1L8,-LiV8KWe1L8,Discogs
Fingers Inc. - Can You Feel It (Dr. Martin Luther King Vocal) (HQ),https://www.youtube.com/watch?v=1UDcMx-LK1s,1UDcMx-LK1s,Discogs
Larry Heard - Direct Drive,https://www.youtube.com/watch?v=3A1xwYCtcak,3A1xwYCtcak,Discogs
Larry Heard – Missing You (After Dark Mix),https://www.youtube.com/watch?v=8uErLS2M7rc,8uErLS2M7rc,Discogs
LARRY HEARD / REMINISCE D.A.T. VOCAL REMIX (LIFE LINE RECORDS 2003),https://www.youtube.com/watch?v=d_SX9nbUrE8,d_SX9nbUrE8,Discogs
Larry Heard - Mercurian Funk,https://www.youtube.com/watch?v=HZDUyc32LLc,HZDUyc32LLc,Discogs
Larry Heard - Missing You (Instrumental),https://www.youtube.com/watch?v=lCOYIy9kHbI,lCOYIy9kHbI,Discogs
Larry Heard - I Know That It's You (Musique Tropique),https://www.youtube.com/watch?v=lD7TCF_4RMY,lD7TCF_4RMY,Discogs
Larry Heard - Deja Vu (Remix),https://www.youtube.com/watch?v=pdn2WBpcAfo,pdn2WBpcAfo,Discogs
Larry Heard / Loose Fingers - when summer comes,https://www.youtube.com/watch?v=VZf09P5zIBU,VZf09P5zIBU,Discogs
Larry Heard presents Mr. White - Virtual Emotion (Main) [ML2236],https://www.youtube.com/watch?v=wfdQSxo0XiY,wfdQSxo0XiY,Discogs
B - Larry Heard - Night Images (Late-Mid Afternoon Mix),https://www.youtube.com/watch?v=xQqg8dwy84U,xQqg8dwy84U,Discogs
LARRY HEARD - Give Me Heaven [Chris Gray's Deep 4 Life Mix].  1999,https://www.youtube.com/watch?v=xvS-tS5jJxo,xvS-tS5jJxo,Discogs
Endless Flight,https://www.youtube.com/watch?v=ZQPhc0QE1Io,ZQPhc0QE1Io,Discogs
Larry Heard / Loose Fingers - transmission x,https://www.youtube.com/watch?v=0ZiU_ONfNeI,0ZiU_ONfNeI,Discogs
Larry Heard – So Much Joy (Repose),https://www.youtube.com/watch?v=4cPUFDfYTQU,4cPUFDfYTQU,Discogs
Larry Heard - Give Me Heaven (Chris Gray's Medicinal Purposes Mix),https://www.youtube.com/watch?v=4JbPhOqRTMU,4JbPhOqRTMU,Discogs
Larry Heard – Missing You (Theo's Missing Dub),https://www.youtube.com/watch?v=4xYjOViVQW4,4xYjOViVQW4,Discogs
Larry Heard - Gentle Morning Sun (Wolf & Lamb Remix),https://www.youtube.com/watch?v=a2hdz4eMz4c,a2hdz4eMz4c,Discogs
Larry Heard presents Mr. White - Virtual Emotion (Dub) [ML2236],https://www.youtube.com/watch?v=FiCEdQl91v4,FiCEdQl91v4,Discogs
Larry Heard - Just One Minute,https://www.youtube.com/watch?v=Pm0CRB_WvQc,Pm0CRB_WvQc,Discogs
Andromeda One,https://www.youtube.com/watch?v=tDCTjDLzqwo,tDCTjDLzqwo,Discogs
Larry Heard presents Mr. White - Supernova (Main) [ML2236],https://www.youtube.com/watch?v=3U6sV4tuzF4,3U6sV4tuzF4,Discogs
Larry Heard - Time,https://www.youtube.com/watch?v=cMJ6IyHmU28,cMJ6IyHmU28,Discogs
Mystery of Love (DJ Mel ReGentryfication),https://www.youtube.com/watch?v=MQyonARtJwA,MQyonARtJwA,Discogs
Larry Heard - Give Me Heaven (Chris Gray's Deep 4 Life Mix),https://www.youtube.com/watch?v=PV4PZuSmynQ,PV4PZuSmynQ,Discogs
Larry Heard / Loose Fingers - hyperactivity,https://www.youtube.com/watch?v=sRFGLTkdcPM,sRFGLTkdcPM,Discogs
"Larry Heard - ""Tell Me What It Is"" (Written by: Larry Heard, Lee Pearson Jr., and Erwin McEwen)",https://www.youtube.com/watch?v=_l8ScwtybOM,_l8ScwtybOM,Discogs
Larry Heard - What?,https://www.youtube.com/watch?v=dyb7EVuVjlc,dyb7EVuVjlc,Discogs
Larry Heard presents Mr. White - Supernova (Dub) [ML2236],https://www.youtube.com/watch?v=elAdXzGiVE4,elAdXzGiVE4,Discogs
Larry Heard – Missing You (Bernard's Dubbed Mix),https://www.youtube.com/watch?v=NMh9LeVxObU,NMh9LeVxObU,Discogs
Larry Heard - Comfort,https://www.youtube.com/watch?v=_lgub3W3vKA,_lgub3W3vKA,Discogs
Larry Heard - Carla's Dance,https://www.youtube.com/watch?v=S7yohlXk8gM,S7yohlXk8gM,Discogs
Larry Heard - Daze Of Phaze,https://www.youtube.com/watch?v=VgfKQMQceU8,VgfKQMQceU8,Discogs
Larry Heard / Loose Fingers - ozone funk part one,https://www.youtube.com/watch?v=EUNILp-c6rg,EUNILp-c6rg,Discogs
Larry Heard Presents: Mr. White* - The Sun Can't Compare (Long Version) [ML-2225],https://www.youtube.com/watch?v=5KHUF4FAoTQ,5KHUF4FAoTQ,Discogs
larry heard Cosmology myth alien album 1996,https://www.youtube.com/watch?v=mO8VJojlQCo,mO8VJojlQCo,Discogs
Larry Heard Presents: Mr. White* - The Sun Can't Compare (Edit) [ML-2225],https://www.youtube.com/watch?v=_8GQeRYzIgI,_8GQeRYzIgI,Discogs
Larry Heard - Nature's Bliss,https://www.youtube.com/watch?v=JssF1Pvs23E,JssF1Pvs23E,Discogs
Larry Heard - Cosmology Myth,https://www.youtube.com/watch?v=LDsgYwfGBkw,LDsgYwfGBkw,Discogs
Larry heard evening dance alien album 1996,https://www.youtube.com/watch?v=87LRbXs6p1o,87LRbXs6p1o,Discogs
Larry Heard / Loose Fingers - in early may,https://www.youtube.com/watch?v=isueUB1caIM,isueUB1caIM,Discogs
Larry Heard - Flight Of The Comet,https://www.youtube.com/watch?v=60iUgw6bE1U,60iUgw6bE1U,Discogs
Larry Heard - Micro Gravity,https://www.youtube.com/watch?v=H_AKKQ-f9LM,H_AKKQ-f9LM,Discogs
Larry Heard - Two Journeys,https://www.youtube.com/watch?v=BragVyf3FXU,BragVyf3FXU,Discogs
Larry Heard - Dreaming Of Better Days,https://www.youtube.com/watch?v=xRt4PCvWjyA,xRt4PCvWjyA,Discogs
Flashback,https://www.youtube.com/watch?v=JbBuq_-AfO0,JbBuq_-AfO0,Discogs
The RAM Project - Choices,https://www.youtube.com/watch?v=Za7W2TiIDOw,Za7W2TiIDOw,Dat Vibe
The RAM Project - Gonna Be Alright,https://www.youtube.com/watch?v=OPo3R4gB4Oc,OPo3R4gB4Oc,Dat Vibe
The RAM Project - Urban Playground,https://www.youtube.com/watch?v=czOq1NAB-5M,czOq1NAB-5M,Dat Vibe
The RAM Project - Changes,https://www.youtube.com/watch?v=Lbq-nSJFIRg,Lbq-nSJFIRg,mr.
